original_index,magid,patent,title,Content overlap (0 to 3),"Patent-paper pair
(Confidence level 0 to 5)","Coverage
(2- full, 1- partial, 0- not a PPP)",,Josh Notes
819,2075077797,US-8124751,selective cell death mediated by small conditional rnas,2,4,1,7,this only scored this high because I read additional information in pub and pat; discusses related mechanisms
830,2076606883,US-5898094,amyloid β protein aβ deposition in chromosome 14 linked alzheimer s disease predominance of aβ42 43,2,5,2,9,scores high because the pub identifies the mutant and the pat patents the mouse model containing the mutation
835,2077571014,US-8445513,improvement of motor function in early parkinson disease by safinamide,0,1,0,1,"discusses two different diseases, but the possibility of treating with the same drug; not enough overlap in discussion"
839,2078698920,US-10226445,multi parametric approach to identify coffee components that regulate mechanisms of gastric acid secretion,1,3,1,5,"paper is tring to identify substances that increase or decrease acid production; patent looks at the preparation of those substances, primarily caffeine, which is what connects these two papers"
859,2081912369,US-8685673,functional characterization and substrate specificity of spinosyn rhamnosyltransferase by in vitro reconstitution of spinosyn biosynthetic enzymes,0,0,0,0,"paper characterizes an enzyme from one baterium that does not overlap with pat. Further, the metal ion is not required for expression; patent does not discuss the same enzyme, expresses in a different strain and requires a metal ion"
860,2081997109,US-9441235,advances in modifying lignin for enhanced biofuel production,1,1,0,2,"paper discusses the modification of lignin to ease lignin degradation leading to higher biofuel production; patent isolates a cDNA sequence encoding an enzyme that does not appear in publication, making the connection is difficult to find"
861,2082260955,US-8688427,de novo computational design of retro aldol enzymes,3,4,2,9,paper talks about the computational method to design enzymes; patent appears to be presenting the computational approach as the invention - I may be misinterpreting this one
868,2083561654,US-6316208,enhanced growth of mice lacking the cyclin dependent kinase inhibitor function of p27kip1,0,4,2,6,"the topic between paper and patent is the same, the patent is discussing the purification of the enzyme in paper; abstract in patent is limited and the body does not overlap well with paper"
871,2083829609,US-4780451,estimation of superovulation response in donor cows,2,2,0,4,"the topic of superovulation is the same, but the paper talks about how to estimate the number of superovulation cows and the patent seems to discuss how to produce superovulating cattle"
875,2085406842,US-6676927,uncoupling of immune complex formation and kidney damage in autoimmune glomerulonephritis,3,4,2,9,"there is a lot of overlap, but I was looking for the mouse model in the paper to be in the patent as well; the inventor describes features that may be related to the mouse in the paper, but falls short of naming the mouse model explicitly"
881,2087235930,US-8540984,enhancing thermostability of escherichia coli phytase appa2 by error prone pcr,3,5,2,10,both pub and pat discuss thermostability of the phytase enzyme and the potential purpose for the enzyme in phosphorus nutrition
890,2089619572,US-8222267,h6 2 dual opioids morphine oxycodon provide analgesia with reduced side effects in acute surgical pain,3,5,2,10,"both pub and pat mention moxduo, which is the name given to the method of using dual opiods"
903,2090909266,US-6670323,reduced nitric oxide reactivity of a new recombinant human hemoglobin attenuates gastric dysmotility,1,5,2,8,"the abstracts show little realtionship, there is no discussion of NO in the patent abstract; however, hemoglobin impacts are discussed in both. After reading the patent, the mutants created in the paper are proposed in the patent as examples. Basically the positive impacts observed in the paper is the basis for the patent"
914,2092537604,US-9926602,antibody independent targeted quantification of tmprss2 erg fusion protein products in prostate cancer,3,4,2,9,"for the most part the two are very similar; what makes them different is the proteins they are targeting is different. They don't seem to be patenting the process, but the genes (or proteins) that are targeted for identification "
924,2095129531,US-6497872,bfgf regulates the proliferative fate of unipotent neuronal and bipotent neuronal astroglial egf generated cns progenitor cells,3,5,2,10,"while most of the patent looks at a broader goal, bFGF is added to a medium that directly impacts this goal, which is increasing the proliferation of stem cells and their progeny - this is discussed in paper"
929,2096353867,US-7439060,stable human immunodeficiency virus type 1 hiv 1 resistance in transformed cd4 monocytic cells treated with multitargeting hiv 1 antisense sequences incorporated into u1 snrna,0,3,1,4,"this one is difficult; the paper describes the cell line capable of being stable in the presence of HIV-1, but the patent only mentions the cell line U937 once as a 'selected' group but does not elaborate on how it is use if at all; I feel like this should score higher, but I cannot justify it"
942,2098388624,US-7705138,clinical significance of in vitro replication enhancing mutations of the hepatitis c virus hcv replicon in patients with chronic hcv infection,1,2,0,3,"it seems the patent is using this paper as background, not really as the main driver for the invention; there is no clear ""we found this in the paper and this motivated us to invent…"""
945,2098679175,US-8097454,gli2 is targeted for ubiquitination and degradation by β trcp ubiquitin ligase,3,5,2,10,there is no guess work here - this is a ppp
958,2100995483,US-10815298,host genetics predict clinical deterioration in hcv related cirrhosis,1,0,0,1,"paper identifies mutations, none of which the patent cites to support their invention - paper also not cited"
963,2102021831,US-10125392,accurate whole genome sequencing and haplotyping from 10 to 20 human cells,1,3,1,5,"abstract overlap is minimal and the content was somewhat difficult to discern; I think the paper describes the outcome of the specific research, but the patent is related to how they prepared the dna. But I'm finding it hard to say absolute yes"
971,2103696636,US-8263054,bimatoprost effects on aqueous humor dynamics in monkeys,1,3,1,5,"difficult pair to tease apart; the paper is determine the effects bimatoprost has on intraocular pressure of the eyes in monkeys, while the patent is appyling the solution to eyelashes. It's not clear if the results from the paper directly lead to the application of the solution to eyelashes"
974,2104444347,US-7601684,biochemical markers and hematologic indices in the diagnosis of functional iron deficiency,3,5,2,10,"paper discusses the identification of components in the body that differentiates disease, whereas the patent utilizes the results to develop the invention"
976,2104597364,US-10174095,t cells expressing chimeric antigen receptors can cause anaphylaxis in humans,2,4,2,8,"abstracts do not directly overlap, but close enough; I had to dig for this one, but the risk of anaphylaxis identified in the publication is a concern mentioned in the patent, but not the primary driver for the patent - it simply mentions this is a risk and should be monitored"
982,2105570852,US-7897328,anti pig antibody adsorption efficacy of α gal carrying recombinant p selectin glycoprotein ligand 1 immunoglobulin chimeras increases with core 2 β1 6 n acetylglucosaminyltransferase expression,0,3,1,4,difficult read for both pub and pat; I think what is happening is the side chains for sugars were id in pub and the pat utilize that information for developing the diagnostic approach/therapeutic app; I would go with the scoring from algorithm on this one
986,2106089479,US-7928057,inhibition of nuclear import of calcineurin prevents myocardial hypertrophy,1,5,2,8,"the abstracts/titles do not overlap much, but the peptide sequence in the pub is specifically noted in the patent AND part of a kit that inventor states is related to the present invention"
