paper_id,paper_title,fieldstr,patent,phd_netid1,phd_netid2,response1,response2,pair_id,3rd person,results
2091505182,characterization and chromosomal localization of a cdna encoding brain amyloid of alzheimer s disease,biochemistry &amp; molecular biology,US-4912206,yl2893,ejm343,yes,yes,pair_1,,
2059666350,caenorhabditis elegans gene ced 9 protects cells from programmed cell death,biochemistry &amp; molecular biology,US-6465617,ejm343,rnh53,yes,maybe,pair_2,,
1989552333,potent urea and carbamate inhibitors of soluble epoxide hydrolases,biochemistry &amp; molecular biology,US-9296693,rnh53,yl2893,maybe,maybe,pair_3,,
2103561052,optimal user pairing for multiuser mimo,"engineering, electrical &amp; electronic",US-8208439,,,,,,,
1899346811,peak to average power ratio reduction of an ofdm signal using partial transmit sequences ICC,"engineering, electrical &amp; electronic",US-7558282,,,,,,,
2121158863,recurrent fusion of tmprss2 and ets transcription factor genes in prostate cancer,oncology,US-9745635,,,,,,,
2043229459,strategies for three dimensional particle tracking with holographic video microscopy,electrochemistry,US-10634604,,,,,,,
2061234007,identification of verrucarin a as a potent and selective steroid receptor coactivator 3 small molecule inhibitor,"agriculture, multidisciplinary",US-10265315,,,,,,,
2109976211,highly hydrophilic and insulating fluorinated reduced graphene oxide,"chemistry, multidisciplinary",US-10207931,,,,,,,
2145638174,targeted mrna degradation by double stranded rna in vitro,biochemistry &amp; molecular biology,US-8853384,yl2893,ejm343,no,maybe,pair_4,rnh53,
2027926439,a bacterial nitric oxide synthase from a nocardia species,biochemistry &amp; molecular biology,US-5759835,yl2893,ejm343,maybe,yes,pair_5,,
1894233513,a systolic linear array for modular multiplication,"computer science, hardware &amp; architecture",US-6061706,yk826,sc2937,yes,no: Seems like the paper associated with the patent is a different follow up paper (https://link.springer.com/article/10.1023/A:1021110405895),pair_6,,
2315219141,characterization of a mems based floating element shear stress sensor,mechanics,US-8833175,,,,,,,
2169854732,new test data decompressor for low power applications DAC,"computer science, hardware &amp; architecture",US-8301945,sc2937,yk826,yes,yes,pair_7,,
1979119637,analysis of two layered micro channel heat sink concept in electronic cooling,thermodynamics,US-6675875,,,,,,,
2107566856,appearance analysis for diagnosing malignant lung nodules ISBI,"radiology, nuclear medicine &amp; medical imaging",US-9014456,,,,,,,
2005039391,sorting single walled carbon nanotubes by electronic type using nonionic biocompatible block copolymers,"chemistry, physical",US-9034213,,,,,,,
1996134016,chitinolytic enzymes produced by trichoderma harzianum antifungal activity of purified endochitinase and chitobiosidase,biotechnology &amp; applied microbiology,US-5474926,ejm343,,,,pair_31,,
2071706014,synthesis and structure activity relationships of amide derivatives of 4 4 difluoro 1 2 3 4 tetrahydro 5h 1 benzazepin 5 ylidene acetic acid as selective arginine vasopressin v2 receptor agonists,physiology,US-10508084,,,,,,,
1978602260,negative selection and stringency modulation in phage assisted continuous evolution,biochemistry &amp; molecular biology,US-10179911,ejm343,rnh53,yes,yes,pair_8,,
2642970747,hyperarticulation detection in repetitive voice queries using pairwise comparison for improved speech recognition ICASSP,acoustics,US-10847147,,,,,,,
343909292,design synthesis and evaluation of a series of acyclic fleximer nucleoside analogues with anti coronavirus activity,virology,US-10058516,sgy9,,,,51,,
1846630191,adsorption of fluorinated anesthetics within the pores of a molecular crystal,anatomy &amp; morphology,US-10117935,,,,,,,
2541098587,detection of myd88 l265p in peripheral blood of patients with waldenstrom s macroglobulinemia and igm monoclonal gammopathy of undetermined significance,clinical neurology,US-10612095,,,,,,,
2130246343,expression of the cathelicidin ll 37 is modulated by short chain fatty acids in colonocytes relevance of signalling pathways,biochemistry &amp; molecular biology,US-9078864,rnh53,yl2893,yes,yes,pair_9,,
1971177133,laptm5 a novel lysosomal associated multispanning membrane protein preferentially expressed in hematopoietic cells,hematology,US-6153403,,,,,,,
1570226646,characterization of a new megakaryocytic cell line the dami cell,hematology,US-5128245,,,,,,,
2561508962,dissecting immune circuits by linking crispr pooled screens with single cell rna seq,biochemistry &amp; molecular biology,US-11485971,ejm343,sgy9,,,pair_32,,
2109057935,regulation of bn115 a low temperature responsive gene from winter brassica napus,biochemistry &amp; molecular biology,US-5847102,ejm343,yl2893,,yes,pair_33,rnh53,yes
2046887653,removal of a n linked glycosylation site of classical swine fever virus strain brescia erns glycoprotein affects virulence in swine,virology,US-8961996,sgy9,,,,52,,
2065291274,on chip native gel electrophoresis based immunoassays for tetanus antibody and toxin,"chemistry, analytical",US-8961766,,,,,,,
2460158876,repurposing hand animation for interactive applications Symposium on Computer Animation,"computer science, software engineering",US-10818063,sc2937,yk826,yes,yes,pair_10,,
1974555237,induced pluripotent stem cells and reprogramming seeing the science through the hype,cell &amp; tissue engineering,US-9499797,,,,,,,
2944705944,computational aberration compensation by coded aperture based correction of aberration obtained from optical fourier coding and blur estimation,optics,US-11092795,,,,,,,
1481710664,genetic algorithms for automated tuning of fuzzy controllers a transportation application,automation &amp; control systems,US-7308339,,,,,,,
2166616648,microrna 21 induces resistance to 5 fluorouracil by down regulating human dna muts homolog 2 hmsh2,biochemistry &amp; molecular biology,US-8946187,ejm343,sgy9,,,pair_34,,
1972438151,isolation and characterization of a vascular endothelial cell mitogen produced by pituitary derived folliculo stellate cells,oncology,US-6899882,,,,,,,
1986405219,characterization of a prototype strain of hepatitis e virus,virology,US-6207416,sgy9,,,,53,,
2139376315,dynamic mr digital subtraction angiography using contrast enhancement fast data acquisition and complex subtraction,clinical neurology,US-5827187,,,,,,,
2140692987,two dimensional subwavelength focusing using a slotted meta screen,optics,US-8013316,,,,,,,
2067935330,generation of human monoclonal antibodies reactive with human mammary carcinoma cells,immunology,US-4522918,,,,,,,
2152588671,a new input switching scheme for a capacitive micro g accelerometer,"engineering, electrical &amp; electronic",US-7757393,,,,,,,
1978347107,identification of angiogenic activity and the cloning and expression of platelet derived endothelial cell growth factor,oncology,US-5227302,,,,,,,
2171694875,carbon nanotubes are able to penetrate plant seed coat and dramatically affect seed germination and plant growth,plant sciences,US-9364004,sgy9,dmu9,yes,,pair_11,,
2090641592,cord blood administration induces oligodendrocyte survival through alterations in gene expression,immunology,US-9795652,,,,,,,
2495056308,template free and binderless nio nanowire foam for li ion battery anodes with long cycle life and ultrahigh rate capability,electrochemistry,US-10964942,,,,,,,
2016635795,development and evaluation of an ultrasonic ground water seepage meter,"engineering, mechanical",US-7107859,,,,,,,
1989373768,identification of inhibitors for udp galactopyranose mutase,biochemistry &amp; molecular biology,US-10118934,ejm343,sgy9,,,pair_35,,
1968093456,a g protein linked receptor for parathyroid hormone and parathyroid hormone related peptide,biology,US-7985835,ejm343,,,,pair_36,,
2076918381,towards a black box algorithm for nonlinear function approximation over high dimensional domains,"engineering, electrical &amp; electronic",US-8046200,,,,,,,
2153782493,activation of trapped field magnets by flux pumping,"physics, applied",US-9847159,yj546,cam559,yes,yes,pair_12,,
1529740051,relaxed inxga1 xas graded buffers grown with organometallic vapor phase epitaxy on gaas,ergonomics,US-6495868,,,,,,,
1975128800,antifungal activity from 14 helical beta peptides,microbiology,US-9168329,,,,,,,
2074137619,a compact eyetracked optical see through head mounted display,optics,US-9720232,,,,,,,
1573494775,wireless integrated network sensors low power systems on a chip,"engineering, electrical &amp; electronic",US-7797367,,,,,,,
1529740051,relaxed inxga1 xas graded buffers grown with organometallic vapor phase epitaxy on gaas,ergonomics,US-6232138,,,,,,,
1995945511,metabolic engineering of new fatty acids in plants,biochemistry &amp; molecular biology,US-9970033,ejm343,sgy9,,,pair_37,,
2141953376,monoclonal antibody based immunohistochemical detection of bovine viral diarrhea virus in formalin fixed paraffin embedded tissues,virology,US-7947439,,,,,,,
2033641220,the diversity and evolutionary relationships of the pregnancy associated glycoproteins an aspartic proteinase subfamily consisting of many trophoblast expressed genes,biochemistry &amp; molecular biology,US-8182999,ejm343,sgy9,,,pair_38,,
2032921388,a potentially artifact free oral contrast agent for gastrointestinal mri,"radiology, nuclear medicine &amp; medical imaging",US-5323780,,,,,,,
2789760793,nickel catalyzed dearomative trans 1 2 carboamination,"chemistry, organic",US-10336737,,,,,,,
1965392649,three laser coherent anti stokes raman scattering measurements of two species,optics,US-7106436,,,,,,,
1998099004,expression of influenza a and b virus nucleoprotein antigens in baculovirus,virology,US-5316910,,,,,,,
2147744228,design of phase shifters for bist applications VTS,"computer science, hardware &amp; architecture",US-7523372,sc2937,yk826,maybe: The given paper seems to be a subset of this other paper (https://ieeexplore.ieee.org/abstract/document/875312?casa_token=OlT-DRF8_64AAAAA:3qyMb6DY5sNoBJCP4kZMBjvCeECqdlZ5ZpvRTZdn2eyn_4pORbtH6Mam8nCh_eTHox0rHg4E) which is more likely to be the bett,yes,pair_13,,
2056449387,heparin binding epidermal growth factor like growth factor as a novel targeting molecule for cancer therapy,biochemistry &amp; molecular biology,US-7851601,ejm343,sgy9,,,pair_39,,
2002812932,algaas surface emitting distributed feedback laser,optics,US-6643316,,,,,,,
2319661222,abstract 3854 newly designed nanobioconjugate for direct targeting and systemic treatment of her2 positive breast cancer,oncology,US-9623041,,,,,,,
2165179339,sample interval modulation for the simultaneous acquisition of displacement vector data in magnetic resonance elastography theory and application,"radiology, nuclear medicine &amp; medical imaging",US-9995813,,,,,,,
1504025083,a quantum treatment of public goods economics,"physics, multidisciplinary",US-7310623,ag2639,cam559,yes,yes,pair_14,lk566,yes
2082522100,fourth class of convex equilateral polyhedron with polyhedral symmetry related to fullerenes and viruses,mathematics,US-9720881,,,,,,,
2128161143,effect of the mixed phosphodiesterase 3 4 inhibitor rpl554 on human isolated bronchial smooth muscle tone,pharmacology &amp; pharmacy,US-9717732,,,,,,,
2143197030,detection of ultra rare mutations by next generation sequencing,anthropology,US-10689699,,,,,,,
1986008522,desorption mass spectrometric control of composition during mbe growth of algaas,"physics, applied",US-5543170,lk566,yj546,yes,yes,pair_15,,
1964771198,a fluorescence in situ hybridization screen for e26 transformation specific aberrations identification of ddx5 etv4 fusion protein in prostate cancer,oncology,US-9284609,,,,,,,
1979677540,clinical utility of insulin like growth factor 1 and 2 determination by high resolution mass spectrometry,biochemical research methods,US-11454637,ejm343,sgy9,,,pair_40,,
2793205019,control of aspergillus flavus growth and aflatoxin production in transgenic maize kernels expressing a tachyplesin derived synthetic peptide agm182,food science &amp; technology,US-11083775,,,,,,,
2807234183,total syntheses of lobaric acid and its derivatives from the antarctic lichen stereocaulon alpinum,polymer science,US-11434217,,,,,,,
2091070751,a species of small antisense rna in posttranscriptional gene silencing in plants,biochemistry &amp; molecular biology,US-8258285,,,,,,,
2062354880,optical films for protamine detection with lipophilic dichlorofluorescein derivatives,"dentistry, oral surgery &amp; medicine",US-6156274,,,,,,,
2105131183,nanocrystal bilayer for tandem catalysis,"chemistry, multidisciplinary",US-8859455,,,,,,,
2013404617,genetic heterogeneity in tuberous sclerosis,genetics &amp; heredity,US-6207374,,,,,,,
2137156660,performance of two novel fast affine projection adaptation algorithms ISCAS (3),"engineering, electrical &amp; electronic",US-7436880,,,,,,,
2124374155,autonomous ground vehicle control system for high speed and safe operation ACC,"engineering, mechanical",US-8180513,,,,,,,
2128429281,polarization and switching properties of holographic polymer dispersed liquid crystal gratings i theoretical model,optics,US-7077984,,,,,,,
2097981550,exploiting chemical libraries structure and genomics in the search for kinase inhibitors,biochemistry &amp; molecular biology,US-6524800,,,,,,,
2155877895,metamaterial cathodes in multi cavity magnetrons,"physics, applied",US-8508132,jls627,yj546,yes,yes,pair_16,,
2124059670,dual arterial elastic modulus reconstruction from in vivo strain imaging and pwv,"materials science, multidisciplinary",US-8167804,,,,,,,
2103462388,elimination of mode hopping and frequency hysteresis in diode laser raman spectroscopy the advantages of a distributed bragg reflector diode laser for raman excitation,"engineering, electrical &amp; electronic",US-5856869,,,,,,,
2159705293,cyclic di amp impairs potassium uptake mediated by a cyclic di amp binding protein in streptococcus pneumoniae,biochemistry &amp; molecular biology,US-10048254,,,,,,,
19473334,d mart a tool for building and populating data warehouse model from existing reports and tables WAIM,"computer science, information systems",US-9542469,sc2937,yk826,"yes: Figures, equations, summary, content matches.",yes,pair_17,,
2162136845,leveraging coherent distributed space time codes for noncoherent communication in relay networks via training,"engineering, electrical &amp; electronic",US-8089916,,,,,,,
1993769713,efficient syntheses of 2 chloro 2 deoxyadenosine cladribine from 2 deoxyguanosine 1,"chemistry, organic",US-8466275,,,,,,,
2102912251,the concept of a z number a new direction in uncertain computation IRI,"engineering, electrical &amp; electronic",US-8515890,,,,,,,
2114281141,active optical nor logic devices using surface emitting lasers,"engineering, electrical &amp; electronic",US-5541443,,,,,,,
2114788778,mid call multi party and multi device telecommunication features and their interactions,crystallography,US-9232054,,,,,,,
2144214728,hts sensors for nqr spectroscopy,"physics, multidisciplinary",US-7301344,lk566,yj546,"Maybe: topic is related but I am not sure if the patent is an enhancement since the paper or directly from the paper (follow up)I would say PPP18 is a highly relevant pair, but I am not sure how critically you would judge the pair. If being highly relevant is considered Yes by your metric, then I think it’s a Yes too.  ",maybe,pair_18,,
2053900979,self dissociative primers for nucleic acid amplification and detection based on dna quadruplexes with intrinsic fluorescence,biochemical research methods,US-10030045,,,,,,,
1987454669,signaling via vascular endothelial growth factor receptors,"radiology, nuclear medicine &amp; medical imaging",US-6965010,,,,,,,
2015253178,a novel dicyanotriterpenoid 2 cyano 3 12 dioxooleana 1 9 11 dien 28 onitrile active at picomolar concentrations for inhibition of nitric oxide production,biochemistry &amp; molecular biology,US-6974801,,,,,,,
2104628168,domino logic with variable threshold voltage keeper Multi-Voltage CMOS Circuit Design,"engineering, electrical &amp; electronic",US-7218151,,,,,,,
2331920075,perylene anhydride fused porphyrins as near infrared sensitizers for dye sensitized solar cells,"chemistry, multidisciplinary",US-9627633,,,,,,,
2162101630,formation of wild type and chimeric influenza virus like particles following simultaneous expression of only four structural proteins,virology,US-9387241,,,,,,,
2400046774,a real time detector for parked vehicles based on hybrid background modeling,"computer science, artificial intelligence",US-10261574,yk826,sc2937,yes,yes,41,,
4793426,rat brain n acetylated alpha linked acidic dipeptidase activity purification and immunologic characterization,biochemistry &amp; molecular biology,US-6071965,,,,,,,
2163492077,design and fabrication of a novel saw bio chemical sensor in cmos,"physics, applied",US-8143681,yj546,jls627,yes,yes,pair_19,,
2412192564,differential electrochemical mass spectrometer cell design for online quantification of products produced during electrochemical reduction of co,electrochemistry,US-10777396,,,,,,,
2121456051,design of a polarized head mounted projection display using ferroelectric liquid crystal on silicon microdisplays,optics,US-10495859,,,,,,,
2136538306,evidence for a volatile pheromone in agrilus planipennis fairmaire coleoptera buprestidae that increases attraction to a host foliar volatile,biochemistry &amp; molecular biology,US-9226503,,,,,,,
1481710664,genetic algorithms for automated tuning of fuzzy controllers a transportation application,automation &amp; control systems,US-6668201,,,,,,,
1611419331,duplexes of 21 nucleotide rnas mediate rna interference in cultured mammalian cells,biochemistry &amp; molecular biology,US-7078196,,,,,,,
2047693419,replicating tag entries for reliability enhancement in cache tag arrays,"computer science, hardware &amp; architecture",US-9047223,yk826,sc2937,yes,yes,42,,
2054715425,design synthesis and evaluation of new rdp inhibitors,biochemistry &amp; molecular biology,US-6927212,,,,,,,
2157354464,production and characterization of a monoclonal antibody specific for enterohemorrhagic escherichia coli of serotypes o157 h7 and o26 h11,biochemistry &amp; molecular biology,US-5354661,,,,,,,
2321941382,a selective luminescent probe for the direct time gated detection of adenosine triphosphate,biochemistry &amp; molecular biology,US-9194802,,,,,,,
2157631793,modifications of the human immunodeficiency virus envelope glycoprotein enhance immunogenicity for genetic immunization,immunology,US-7470430,,,,,,,
1500356409,the rc5 encryption algorithm FSE,"computer science, information systems",US-5724428,,,,,,,
2157430864,biorenewable polyethylene terephthalate mimics derived from lignin and acetic acid,"chemistry, organic",US-9624340,,,,,,,
1570103822,identification cloning and regulation of a novel endothelial cell protein c activated protein c receptor,hematology,US-6399064,,,,,,,
2566809385,point cloud noise and outlier removal for image based 3d reconstruction 3DV,"radiology, nuclear medicine &amp; medical imaging",US-10319080,,,,,,,
2120797070,targeting television audiences using demographic similarity ICDM Workshops,business,US-9161099,,,,,,,
2407152758,digital integral cloaking,optics,US-10739111,,,,,,,
2223315021,oxidative coupling of aryl boron reagents with sp3 carbon nucleophiles the enolate chan evans lam reaction,"chemistry, organic",US-10364208,,,,,,,
2091692376,tunable external cavity laser employing uncooled superluminescent diode,"engineering, electrical &amp; electronic",US-9343614,,,,,,,
1991210634,genome sequence of vibrio sp strain ejy3 an agarolytic marine bacterium metabolizing 3 6 anhydro l galactose as a sole carbon source,microbiology,US-8771996,,,,,,,
2126677285,planar fully ion implanted inp junction fets with a nitride registered gate metallization,"engineering, electrical &amp; electronic",US-5196358,,,,,,,
2137031667,diagonal low density parity check code for simplified routing in decoder,"engineering, electrical &amp; electronic",US-10141950,,,,,,,
2595836948,large scale generation of functional megakaryocytes from human embryonic stem cells hescs under stromal free conditions,cell &amp; tissue engineering,US-9988603,,,,,,,
2347173789,synthesis characterization and thin film properties of 6 oxoverdazyl polymers prepared by ring opening metathesis polymerization,polymer science,US-10538618,,,,,,,
2128550426,an efficient vector space approach for accurately modeling fixed point digital signal processors,"computer science, hardware &amp; architecture",US-6173247,yk826,sc2937,yes,yes,44,,
2127730755,on combining frequency warping and spectral shaping in hmm based speech recognition ICASSP,acoustics,US-5930753,,,,,,,
1974919188,approach to high resolution ex situ nmr spectroscopy,"chemistry, multidisciplinary",US-6674282,,,,,,,
2032382139,backbone cyclic peptide which mimics the nuclear localization signal of human immunodeficiency virus type 1 matrix protein inhibits nuclear import and virus production in nondividing cells,biochemistry &amp; molecular biology,US-6664368,,,,,,,
2144535736,human assisted impedance control of overhead cranes,automation &amp; control systems,US-7028856,,,,,,,
2284523278,cobalt catalyzed bis alkynylation of amides via double c h bond activation,polymer science,US-10787418,,,,,,,
2080663180,enhanced growth of canine bone marrow stromal cell cultures in the presence of acidic fibroblast growth factor and heparin,oncology,US-5962323,,,,,,,
1982122133,phonetic speaker recognition,acoustics,US-6618702,,,,,,,
2137220814,a statistical wisp model and pseudophysical approaches for interactive hairstyle generation,"computer science, interdisciplinary applications",US-7418371,yk826,sc2937,yes,yes,45,,
2105999014,studies on the immuno modulating and antitumor activities of ganoderma lucidum reishi polysaccharides functional and proteomic analyses of a fucose containing glycoprotein fraction responsible for the activities,biochemistry &amp; molecular biology,US-7560114,,,,,,,
2129725434,rapid multiplexed immunoassay for simultaneous serodiagnosis of hiv 1 and coinfections,"chemistry, analytical",US-9212995,,,,,,,
2031629656,bok is a pro apoptotic bcl 2 protein with restricted expression in reproductive tissues and heterodimerizes with selective anti apoptotic bcl 2 family members,oncology,US-6437097,,,,,,,
2165256647,maximum diversity transmissions over time selective wireless channels WCNC,"engineering, electrical &amp; electronic",US-7280604,,,,,,,
2120497047,signaling pathways coupling phenomena IJCNN,biochemistry &amp; molecular biology,US-10248757,,,,,,,
1978283477,robust vibration isolation via frequency shaped sliding control and modal decomposition,"engineering, mechanical",US-7216018,,,,,,,
2083122744,acoustical screening for obstructive sleep apnea during wakefulness,clinical neurology,US-9545219,,,,,,,
2001847316,ack1 mediated akt pkb tyrosine 176 phosphorylation regulates its activation,biochemistry &amp; molecular biology,US-8557516,,,,,,,
1905857425,multichannel voice detection in adverse environments EUSIPCO,acoustics,US-7146315,,,,,,,
2108602909,higher plants contain homologs of the bacterial cela genes encoding the catalytic subunit of cellulose synthase,plant sciences,US-6271443,sgy9,dmu9,yes,,pair_20,,
1990423810,a fabry perot interferometer with a spatially variable resonance gap employed as a fourier transform spectrometer,"chemistry, analytical",US-11415460,,,,,,,
2015768145,tension adjusted in line optical fiber attenuator,"engineering, electrical &amp; electronic",US-4529262,,,,,,,
2982995548,morphologically tunable square and rectangular nanosheets of a simple conjugated homopolymer by changing solvents,polymer science,US-11572426,,,,,,,
1981382196,wafer scale synthesis of dense aligned arrays of single walled carbon nanotubes,"chemistry, multidisciplinary",US-8945502,,,,,,,
2328762043,frequency scanning maldi linear ion trap mass spectrometer for large biomolecular ion detection,"chemistry, analytical",US-10504713,,,,,,,
2325113423,conductive polymer binder for high tap density nanosilicon material for lithium ion battery negative electrode application,electrochemistry,US-10930933,,,,,,,
2168965339,a new method for lumbar herniated inter vertebral disc diagnosis based on image analysis of transverse sections,clinical neurology,US-7359539,,,,,,,
2067899540,small dimension power efficient high speed vertical cavity surface emitting lasers,"engineering, electrical &amp; electronic",US-7916768,,,,,,,
1906263998,multi chart geometry images Symposium on Geometry Processing,"mathematics, applied",US-7586488,,,,,,,
1973695095,depolarized source for high power operation of a remote waveguide modulator,optics,US-5619364,,,,,,,
2152386976,use of a granular bioplastic formulation for carrying conidia of a non aflatoxigenic strain of aspergillus flavus,food science &amp; technology,US-8173179,,,,,,,
2077238461,an algorithm for computing customized 3d printed implants with curvature constrained channels for enhancing intracavitary brachytherapy radiation delivery CASE,oncology,US-10286197,,,,,,,
1583309211,avionics architectures for real time multi platform spectrum allocation,"engineering, electrical &amp; electronic",US-6867727,,,,,,,
2038721018,hydrostatic pressure rescues native protein from aggregates,"physics, condensed matter",US-7615617,cam559,ag2639,yes,yes,pair_21,,
2044361825,interactions of low energy reactive ions with surfaces iv chemically bonded diamond like films from ion beam deposition,"chemistry, physical",US-5374318,,,,,,,
1990443524,biomechanical design of a powered ankle foot prosthesis,orthopedics,US-8512415,,,,,,,
2092352787,oxidation of carbon fiber surfaces for improvement in fiber cement interfacial bond at a hydrothermal temperature of 300 c,polymer science,US-4927462,,,,,,,
2052509282,planar ultrawideband modular antenna puma arrays scalable to mm waves,"engineering, electrical &amp; electronic",US-10741914,,,,,,,
2054810445,gdnf a glial cell line derived neurotrophic factor for midbrain dopaminergic neurons,neurosciences,US-5935795,,,,,,,
1973225744,the nemo p2p service orchestration framework HICSS,"computer science, information systems",US-9317843,yk826,sc2937,yes,yes,46,,
2140065103,prediction of survival in diffuse large b cell lymphoma based on the expression of six genes,oncology,US-7332280,,,,,,,
2228551018,laser desorption mass spectrometry part ii performance and applications of matrix assisted laser desorption ionization of large biomolecules,"chemistry, analytical",US-6706530,,,,,,,
2105061875,efficient generalized indoor wifi graphslam ICRA,robotics,US-10422849,,,,,,,
1985873491,lithography free in situ pd contacts to templated single walled carbon nanotubes,"chemistry, physical",US-9487877,,,,,,,
2058618415,small signal stability assessment of the power electronic based ac systems using impedance measurnment based technique,"engineering, electrical &amp; electronic",US-9500717,,,,,,,
2062356726,phase diagrams of urethanized polyvinyl alcohol with a series of hydrophobically modified ph responsive polymers containing amino acid residues,"chemistry, physical",US-9169379,,,,,,,
2037680806,role of the entomogenous fungus neozygites floridana in population declines of the twospotted spider mite tetranychus urticae on field corn,"public, environmental &amp; occupational health",US-4752468,,,,,,,
1970669754,frequency domain optical coherence tomography based on minimum phase functions,ophthalmology,US-8032322,,,,,,,
2120595369,conversion of a helix turn helix motif sequence specific dna binding protein into a site specific dna cleavage agent,biochemistry &amp; molecular biology,US-5556949,,,,,,,
1972480392,dendritic cell progenitor is transformed by a conditional v rel estrogen receptor fusion protein v reier,immunology,US-5648248,,,,,,,
2103371184,lvcsr log likelihood ratio scoring for keyword spotting ICASSP,"computer science, artificial intelligence",US-5842163,yk826,sc2937,yes,yes,47,,
2065840002,solving 2d fredholm integral from incomplete measurements using compressive sensing,"engineering, electrical &amp; electronic",US-10802098,,,,,,,
2089319310,glycan arrays on aluminum coated glass slides,"computer science, theory &amp; methods",US-10274488,yk826,sc2937,yes,yes,48,,
1934710281,mechanism based design of a protein kinase inhibitor,biochemistry &amp; molecular biology,US-7045617,,,,,,,
2012423924,fermionic bell state analyzer for spin qubits,"physics, multidisciplinary",US-7781754,jls627,ag2639,yes,yes,pair_22,,
1507895229,inalas ingaas hbt exponentially graded base doping and graded ingaalas emitter base junction,"engineering, electrical &amp; electronic",US-5448087,,,,,,,
2187422081,heat and mass transfer analysis of a water and solute separation system using solar thermal energy for water desalination,energy &amp; fuels,US-10875788,,,,,,,
2013475924,cdse nanocrystal quantum dot memory,"chemistry, multidisciplinary",US-7813160,,,,,,,
2128161143,effect of the mixed phosphodiesterase 3 4 inhibitor rpl554 on human isolated bronchial smooth muscle tone,pharmacology &amp; pharmacy,US-9700558,,,,,,,
2127796512,simplified optical coupling and alignment scheme for cost effective 10 gbit s tosa modules based on edge emitters hermetically packaged in micro machined silicon structures,"engineering, electrical &amp; electronic",US-7543999,,,,,,,
2104337444,signal detection for mimo ofdm wireless communications ICC,"engineering, electrical &amp; electronic",US-9426009,,,,,,,
2153910700,direct sequence evaluation of the major outer membrane protein gene variant regions of chlamydia trachomatis subtypes d i and l2,infectious diseases,US-5821055,,,,,,,
2744724495,dense visual slam with probabilistic surfel map,"computer science, software engineering",US-10553026,yk826,sc2937,yes,yes,49,,
2008172259,high resolution fast quantitative docking using fourier domain correlation techniques,optics,US-5866343,,,,,,,
2017155157,high efficiency bragg gratings in photothermorefractive glass,optics,US-6586141,,,,,,,
2072833758,a novel series of pyrazolylpiperidine n type calcium channel blockers,neurosciences,US-8901314,,,,,,,
1964162596,body wide hierarchical fuzzy modeling recognition and delineation of anatomy in medical images,thermodynamics,US-11232319,,,,,,,
1575310231,efficient purification of recombinant human tumor necrosis factor beta from escherichia coli yields biologically active protein with a trimeric structure that binds to both tumor necrosis factor receptors,biochemistry &amp; molecular biology,US-5486463,,,,,,,
2033198571,synthesis of n substituted 9 azabicyclo 3 3 1 nonan 3alpha yl carbamate analogs as √è¬É2 receptor ligands,"chemistry, organic",US-7612085,,,,,,,
2013538305,prospective identification isolation by flow cytometry and in vivo self renewal of multipotent mammalian neural crest stem cells,neurosciences,US-8043853,,,,,,,
2027944956,identification of four novel human genes amplified and overexpressed in breast carcinoma and localized to the q11 q21 3 region of chromosome 17,oncology,US-5981218,,,,,,,
2153428021,joint optimization of run length coding huffman coding and quantization table with complete baseline jpeg compatibility ICIP (3),"engineering, electrical &amp; electronic",US-9042671,,,,,,,
1967220305,phase change memory devices with stacked ge chalcogenide sn chalcogenide layers,"engineering, electrical &amp; electronic",US-8295081,,,,,,,
1993897877,hiv 1 vif protein binds the editing enzyme apobec3g and induces its degradation,biochemistry &amp; molecular biology,US-7220554,,,,,,,
1815746693,a hybrid enrichment process combining conjugated polymer extraction and silica gel adsorption for high purity semiconducting single walled carbon nanotubes swcnt,"chemistry, analytical",US-10322937,,,,,,,
2045547599,a novel current mode ultra low power analog cmos four quadrant multiplier,"engineering, electrical &amp; electronic",US-8610486,,,,,,,
2120051890,a balanced optical rf phase detector,"engineering, electrical &amp; electronic",US-7397567,,,,,,,
2551520512,resonance enhanced compact nonlinear acoustic source of low frequency collimated beam for imaging applications in highly attenuating media,acoustics,US-10887682,,,,,,,
2795998169,uhmwpe hybrid nanocomposite coating reinforced with nanoclay and carbon nanotubes for tribological applications under water with without abrasives,"materials science, multidisciplinary",US-11401436,,,,,,,
2044019158,novel synthetic oleanane triterpenoids a series of highly active inhibitors of nitric oxide production in mouse macrophages,plant sciences,US-6974801,sgy9,dmu9,"No (the chemicals in patent 30 were derived from the chemical in paper 30; however, paper 30 is encompassed by an earlier patent that they reference in patent 30; and paper 30 makes no reference to the specific chemicals that are actually being registered",,pair_30,yl2893,maybe
2171445065,diverse topic phrase extraction through latent semantic analysis ICDM,"computer science, artificial intelligence",US-8280877,yk826,sc2937,yes,yes,50,,
2057140597,low temperature growth of single walled carbon nanotubes by water plasma chemical vapor deposition,"chemistry, physical",US-7799307,,,,,,,
2080510479,adapting scan architectures for low power operation ITC,"computer science, hardware &amp; architecture",US-9134371,yk826,sc2937,yes,yes,43,,
2004152272,clustering hypertext with applications to web searching Hypertext,"computer science, information systems",US-7233943,,,,,,,
2033693280,identification and characterization of a second major peanut allergen ara h ii with use of the sera of patients with atopic dermatitis and positive peanut challenge,allergy,US-5558869,,,,,,,
2163505447,new positive allosteric modulators of the metabotropic glutamate receptor 2 mglur2 identification and synthesis of n propyl 8 chloro 6 substituted isoquinolones,neurosciences,US-9271967,,,,,,,
2096216062,variation in the safety of induced pluripotent stem cell lines,cell &amp; tissue engineering,US-8058065,,,,,,,
2028689829,identification of h 2db specific cd8 t cell epitopes from mouse vegfr2 that can inhibit angiogenesis and tumor growth,biochemistry &amp; molecular biology,US-8378071,,,,,,,
1963685068,natural antisense and noncoding rna transcripts as potential drug targets,biochemistry &amp; molecular biology,US-9803195,,,,,,,
2153938296,microrna profiling reveals distinct mechanisms governing cardiac and neural lineage specification of pluripotent human embryonic stem cells,"engineering, manufacturing",US-8716017,,,,,,,
2158588521,automatic facial feature extraction by genetic algorithms,"computer science, artificial intelligence",US-6600830,,,,,,,
2075267079,in vitro in vivo correlation for 14c methylated lysozyme release from poly ether ester microspheres,polymer science,US-8163307,,,,,,,
2141726755,a new power combining and outphasing modulation system for high efficiency power amplification,"engineering, electrical &amp; electronic",US-9141832,,,,,,,
2136960097,first class nonstandard interpretations by opening closures POPL,"computer science, theory &amp; methods",US-8281299,,,,,,,
1997012817,a bis benzylidine piperidone targeting proteasome ubiquitin receptor rpn13 adrm1 as a therapy for cancer,oncology,US-9913834,,,,,,,
2086582440,tunable two mirror interference lithography system for wafer scale nanopatterning,"engineering, electrical &amp; electronic",US-8681315,,,,,,,
2168963845,semantic frame identification with distributed word representations ACL (1),linguistics,US-9262406,,,,,,,
2132967231,six fold speed up of smith waterman sequence database searches using parallel processing on common microprocessors,"computer science, interdisciplinary applications",US-7917302,,,,,,,
1575133253,dna polymerase iii of escherichia coli purification and identification of subunits,biochemistry &amp; molecular biology,US-6677146,,,,,,,
2331643075,self assembled monolayers derived from bidentate organosulfur adsorbates,"chemistry, physical",US-6890598,,,,,,,
2095091362,pedestrian detection using stereo night vision,"computer science, artificial intelligence",US-7366325,,,,,,,
1984433141,demonstration of nonpolar gan based vertical cavity surface emitting lasers,"engineering, electrical &amp; electronic",US-9640947,,,,,,,
2038656307,cryogenic variable temperature ultrahigh vacuum scanning tunneling microscope,"chemistry, physical",US-7414250,,,,,,,
1511239192,an n best strategy dynamic grammars and selectively trained neural networks for real time recognition of continuously spelled names over the telephone ICASSP,acoustics,US-5677990,,,,,,,
2140850954,use of ceragenins to create novel biofouling resistant water treatment membranes,biotechnology &amp; applied microbiology,US-8530002,,,,,,,
2008481592,characterization and role in experimental systemic lupus erythematosus of t cell lines specific to peptides based on complementarity determining region 1 and complementarity determining region 3 of a pathogenic anti dna monoclonal antibody,oncology,US-7858738,,,,,,,
2072299843,pharmacological characterization of 1 5 chloro 6 trifluoromethoxy 1h benzoimidazol 2 yl 1h pyrazole 4 carboxylic acid jnj 42041935 a potent and selective hypoxia inducible factor prolyl hydroxylase inhibitor,biochemistry &amp; molecular biology,US-9273034,,,,,,,
1988397108,plasmonic nanocavity arrays for enhanced efficiency in organic photovoltaic cells,optics,US-8802965,,,,,,,
2760361093,multiple patterning nanosphere lithography for fabricating periodic three dimensional hierarchical nanostructures,"chemistry, multidisciplinary",US-11037794,,,,,,,
2043846071,nucleotide sequence of the capsid protein gene of papaya leaf distortion mosaic potyvirus,virology,US-5859224,,,,,,,
2053704719,isolation of putative progenitor endothelial cells for angiogenesis,cardiac &amp; cardiovascular systems,US-6569428,,,,,,,
2086222788,progress towards monodisperse single walled carbon nanotubes,"chemistry, physical",US-10689252,,,,,,,
2609473806,assembly of functionally integrated human forebrain spheroids,neurosciences,US-11279914,,,,,,,
2509124212,conformal electroplating of azobenzene based solar thermal fuels onto large area and fiber geometries,"materials science, multidisciplinary",US-10865336,,,,,,,
2014608787,a new lateral mos controlled thyristor,"engineering, electrical &amp; electronic",US-5278076,,,,,,,
1998762985,cardiac and kidney hormones cure up to 86 of human small cell lung cancers in mice,cardiac &amp; cardiovascular systems,US-7825092,,,,,,,
2581708802,synthesis of zero impedance converter,"engineering, electrical &amp; electronic",US-4973174,,,,,,,
1490724066,a humanized green fluorescent protein cdna adapted for high level expression in mammalian cells,biochemistry &amp; molecular biology,US-5968750,,,,,,,
2048296660,digital microfluidic method for protein extraction by precipitation,biochemical research methods,US-8053239,,,,,,,
2056449387,heparin binding epidermal growth factor like growth factor as a novel targeting molecule for cancer therapy,biochemistry &amp; molecular biology,US-8173781,,,,,,,
2076984688,bis cyclometalated ir iii complexes as efficient singlet oxygen sensitizers,"chemistry, physical",US-7368570,,,,,,,
2135983073,controlling molecular self organization formation of nanometer scale spheres and tubules,"chemistry, multidisciplinary",US-6495669,,,,,,,
2083658889,compressing sql workloads SIGMOD Conference,"computer science, information systems",US-7293036,,,,,,,
2018950212,site specific sustained release of drugs to the brain,critical care medicine,US-5639885,,,,,,,
2027259333,estimating compilation time of a query optimizer SIGMOD Conference,"computer science, information systems",US-7925646,,,,,,,
2116450149,automated high content live animal drug screening using c elegans expressing the aggregation prone serpin alpha1 antitrypsin z,biochemistry &amp; molecular biology,US-8809617,,,,,,,
2894863866,programmable triangulation light curtains ECCV (3),"engineering, electrical &amp; electronic",US-11493634,,,,,,,
2520472295,reprofiled anthelmintics abate hypervirulent stationary phase clostridium difficile,infectious diseases,US-10792272,,,,,,,
1976001517,rate distortion based motion estimation search ordering for rate constrained successive elimination algorithms ICIP,"engineering, electrical &amp; electronic",US-10462481,,,,,,,
2015918129,phase shifter for a 915 mhz phased array hyperthermia system,"engineering, electrical &amp; electronic",US-4859972,,,,,,,
2149698238,cutting edge inflammatory responses can be triggered by trem 1 a novel receptor expressed on neutrophils and monocytes,immunology,US-8231878,,,,,,,
2066578248,plasma and gas phase characterization of a pulsed plasma enhanced chemical vapor deposition system engineered for self limiting growth of aluminum oxide thin films,"materials science, multidisciplinary",US-8025932,,,,,,,
2072446438,amino acid and cdna sequences of a vascular endothelial cell mitogen that is homologous to platelet derived growth factor,oncology,US-6569434,,,,,,,
2121543088,non uniform doppler compensation for zero padded ofdm over fast varying underwater acoustic channels,"engineering, electrical &amp; electronic",US-7859944,,,,,,,
2903639386,resistive switching in si2te3 nanowires,"chemistry, multidisciplinary",US-11227995,,,,,,,
2104256076,queued cooperative wireless networks with rateless codes GLOBECOM,"engineering, electrical &amp; electronic",US-8432848,,,,,,,
2111755940,automated synthesis of large phase shifters for built in self test ITC,"engineering, electrical &amp; electronic",US-7523372,,,,,,,
2121600799,real time measurement of ultrashort laser pulses using principal component generalized projections,optics,US-10274378,,,,,,,
2007265554,fire detection using time series analysis of source temperatures,"engineering, civil",US-6111511,,,,,,,
1990092556,dendritic phosphorescent probes for oxygen imaging in biological systems,"chemistry, multidisciplinary",US-10493168,,,,,,,
2095873427,tunable 178 nm iodine anti stokes raman laser,optics,US-4486884,,,,,,,
2084210900,a programmable switched capacitor a dqs frequency downconverter for two step channel selection wireless receiver,"engineering, electrical &amp; electronic",US-8019290,,,,,,,
2109745718,teduglutide alx 0600 a dipeptidyl peptidase iv resistant glucagon like peptide 2 analogue improves intestinal function in short bowel syndrome patients,gastroenterology &amp; hepatology,US-9974837,,,,,,,
2135128039,immunosuppressant fk506 promotes neurite outgrowth in cultures of pc12 cells and sensory ganglia,neurosciences,US-5898029,,,,,,,
2079636973,heterostructure acoustic charge transport devices on molecular beam epitaxy grown gaas al ga as epitaxial layers,"physics, applied",US-5298772,jls627,lk566,yes,yes,pair_24,,
2046657266,thermal characterization of embedded electronic features by an integrated system of ccd thermography and self adaptive numerical modeling,instruments &amp; instrumentation,US-7444260,,,,,,,
2021031709,effects of iron supplementation on attention deficit hyperactivity disorder in children,"psychology, developmental",US-10532100,,,,,,,
2149934289,multibit digital watermarking robust against local nonlinear geometrical distortions ICIP (3),mathematics,US-7664288,,,,,,,
2062569980,improved methods for the generation of dendritic cells from nonproliferating progenitors in human blood,immunology,US-7198948,,,,,,,
2136736830,development of a highly sensitive porous si based hydrogen sensor using pd nano structures,"chemistry, analytical",US-7992425,,,,,,,
1579299304,distributed anemone transparent low latency access to remote memory HiPC,"computer science, hardware &amp; architecture",US-8417789,,,,,,,
2138277040,an efficient symbol level combining scheme for mimo systems with hybrid arq,"engineering, electrical &amp; electronic",US-8090063,,,,,,,
2469742078,development of rnai therapeutics targeting the complement pathway,immunology,US-10465194,,,,,,,
2073966289,feedback control of retrograde peristalsis using neural gastric electrical stimulation,gastroenterology &amp; hepatology,US-9707392,,,,,,,
2623859505,tumor targeted and clearable human protein based mri nanoprobes,"radiology, nuclear medicine &amp; medical imaging",US-11369698,,,,,,,
2005836340,hemoglobin contrast in magnetomotive optical doppler tomography,optics,US-9204802,,,,,,,
2048403822,distributed receding horizon control of dynamically coupled nonlinear systems,"engineering, electrical &amp; electronic",US-8620517,,,,,,,
1973269553,radiohalogenated prostate specific membrane antigen psma based ureas as imaging agents for prostate cancer,"radiology, nuclear medicine &amp; medical imaging",US-9226981,,,,,,,
2057900969,an improved error model for noisy channel spelling correction ACL,"computer science, artificial intelligence",US-7366983,,,,,,,
2013055567,ring opening cross metathesis on solid support,"chemistry, organic",US-6486324,,,,,,,
2076478849,worst case analysis of discrete systems based on conditional abstractions CODES,"computer science, software engineering",US-6397371,,,,,,,
2128084923,a low cost wdm source with an ase injected fabry perot semiconductor laser,"engineering, electrical &amp; electronic",US-7903979,,,,,,,
2111596432,low power circuits for brain machine interfaces ISCAS,"engineering, electrical &amp; electronic",US-8332024,,,,,,,
2587397315,synthesis characterization and in vitro cytotoxicity of platinum ii complexes of selenones pt selenone 2cl2,"chemistry, inorganic &amp; nuclear",US-10358456,,,,,,,
2029624878,stereospecific synthesis of conformationally constrained gamma amino acids new foldamer building blocks that support helical secondary structure,"chemistry, multidisciplinary",US-9796660,,,,,,,
2056397238,tri functional t cell receptor antigen coupler tri tac a novel method to direct t cells against tumors,immunology,US-10435453,,,,,,,
2974004033,joint radar and communication system optimization for spectrum sharing,"engineering, electrical &amp; electronic",US-11265040,,,,,,,
2417212197,prostate and bone fibroblasts induce human prostate cancer growth in vivo implications for bidirectional tumor stromal cell interaction in prostate carcinoma growth and metastasis,oncology,US-5679636,,,,,,,
2138527776,transendocardial autologous bone marrow in chronic myocardial infarction using a helical needle catheter 1 year follow up in an open label nonrandomized single center pilot study the tabmmi study,hematology,US-9517199,,,,,,,
2016209612,protein thioester synthesis enabled by sortase,"chemistry, multidisciplinary",US-9731029,,,,,,,
1899346811,peak to average power ratio reduction of an ofdm signal using partial transmit sequences ICC,"engineering, electrical &amp; electronic",US-8335225,,,,,,,
2124899581,a te tm mode splitter on lithium niobate using ti ni and mgo diffusions,optics,US-5436992,,,,,,,
2004416970,matrix assisted laser desorption ionization mass spectrometry of enzymatically synthesized rna up to 150 kda,"chemistry, analytical",US-6558902,,,,,,,
2121158863,recurrent fusion of tmprss2 and ets transcription factor genes in prostate cancer,oncology,US-7718369,,,,,,,
2054008872,synthesis and structure verification of the vaccine adjuvant qs 7 api synthetic access to homogeneous quillaja saponaria immunostimulants,food science &amp; technology,US-11447515,,,,,,,
2949812418,stereocontrolled synthesis of e z dienals via tandem rh i catalyzed rearrangement of propargyl vinyl ethers,"chemistry, organic",US-9573871,,,,,,,
2139054225,discovery and sar of new benzazepines as potent and selective 5 ht 2c receptor agonists for the treatment of obesity,neurosciences,US-8153621,,,,,,,
2167974691,a sequence specific single strand binding protein activates the far upstream element of c myc and defines a new dna binding motif,biochemistry &amp; molecular biology,US-5580760,,,,,,,
2050461585,optimization of a heterologous pathway for the production of flavonoids from glucose,plant sciences,US-9181539,sgy9,dmu9,yes,,pair_25,,
2022389224,a formylated hexapeptide ligand mimics the ability of wnt 5a to impair migration of human breast epithelial cells,biochemistry &amp; molecular biology,US-8674060,,,,,,,
1546312742,fast variable block size motion estimation algorithm based on merge and slit procedures for h 264 mpeg 4 avc ISCAS (3),"engineering, electrical &amp; electronic",US-7720154,,,,,,,
2089726928,cloned viral protein vaccine for foot and mouth disease responses in cattle and swine,biochemistry &amp; molecular biology,US-7527960,,,,,,,
2131018050,cluster based cooperative spectrum sensing in cognitive radio systems ICC,"engineering, electrical &amp; electronic",US-8655283,,,,,,,
2131135362,fast and secure key distribution using mesoscopic coherent states of light,"computer science, information systems",US-7831050,,,,,,,
2031368173,bit error probability estimation algorithm for signal supervision in all optical networks,"computer science, artificial intelligence",US-6904237,,,,,,,
2143197030,detection of ultra rare mutations by next generation sequencing,anthropology,US-11155869,,,,,,,
2070579493,design synthesis and evaluation of non urea inhibitors of soluble epoxide hydrolase,biochemistry &amp; molecular biology,US-10005732,,,,,,,
2070650819,determinants for substrate phosphorylation by p21 activated protein kinase gamma pak,biochemistry &amp; molecular biology,US-6228989,,,,,,,
2164774194,optimal surface segmentation in volumetric images a graph theoretic approach,"computer science, artificial intelligence",US-8571278,,,,,,,
1997125117,tubules within a tubule hierarchical order of mesoporous molecular sieves in mcm 41,"chemistry, physical",US-5876690,,,,,,,
2000129948,5 benzylidene 1 2 dihydrochromeno 3 4 f quinolines as selective progesterone receptor modulators,oncology,US-7163946,,,,,,,
827742315,plasma derived from human umbilical cord blood modulates mitogen induced proliferation of mononuclear cells isolated from the peripheral blood of als patients,immunology,US-11007230,,,,,,,
2739778827,applications of in situ sample preparation and modeling of sem stem imaging,"engineering, electrical &amp; electronic",US-8170832,,,,,,,
2606328028,predicting episodes of atrial fibrillation using rr intervals and ectopic beats BHI,cardiac &amp; cardiovascular systems,US-11426113,,,,,,,
2073439032,efficient priming of pcr with short oligonucleotides conjugated to a minor groove binder,biochemistry &amp; molecular biology,US-6884584,,,,,,,
2051228656,multiplexed electrospray deposition for protein microarray with micromachined silicon device,"engineering, electrical &amp; electronic",US-8293337,,,,,,,
1972873112,two dimensional sonoelastographic shear velocity imaging,mechanics,US-8267865,,,,,,,
2069717114,stimulus representations that are invariant under invertible transformations of sensor data Medical Imaging: Image Processing,neurosciences,US-6687657,,,,,,,
2123223015,optimal redistribution of white space for wire length minimization ASP-DAC,"computer science, hardware &amp; architecture",US-7305641,,,,,,,
2108094049,nanomolar potency pyrimido pyrrolo quinoxalinedione cftr inhibitor reduces cyst size in a polycystic kidney disease model,biochemistry &amp; molecular biology,US-9062073,,,,,,,
2008184405,a bacterial protein enhances the release and efficacy of liposomal cancer drugs,oncology,US-8901100,,,,,,,
2040750693,low power circuits for brain machine interfaces,"education, scientific disciplines",US-8332024,,,,,,,
2094765578,cross coherence and joint pdf of the bartlett and capon power spectral estimates ICASSP (2),"engineering, electrical &amp; electronic",US-8428897,,,,,,,
2102493018,digital halftoning technique using a blue noise mask,"engineering, electrical &amp; electronic",US-5726772,,,,,,,
1986645368,three phase ac system impedance measurement unit imu using chirp signal injection,optics,US-9618555,,,,,,,
2167012018,nonintrusive speech quality estimation using gaussian mixture models,acoustics,US-9786300,,,,,,,
2111770413,analysis of the dynamic behavior of a charge transfer amplifier,"engineering, electrical &amp; electronic",US-6566943,,,,,,,
2063638230,design for a quantum cryptographic entangling probe,"physics, multidisciplinary",US-7876901,,,,,,,
2063638230,design for a quantum cryptographic entangling probe,"physics, multidisciplinary",US-7876901,,,,,,,
2518129593,microrna 302 switch to identify and eliminate undifferentiated human pluripotent stem cells,cell &amp; tissue engineering,US-10604770,,,,,,,
2078131988,direct optical processing of m ary code shift keyed spectral phase encoded ocdma,"engineering, electrical &amp; electronic",US-8406423,,,,,,,
2552737552,extracting fundamental transverse mode operation in broad area quantum cascade lasers,optics,US-11031753,jls627,ag2639,maybe,yes,pair_26,,
2057565056,optimum energy harvesting among distributed power sources with uniform voltage distribution,energy &amp; fuels,US-9960602,,,,,,,
2560012019,multi kernel fuzzy based local gabor patterns for gait recognition ISVC (1),"computer science, artificial intelligence",US-10853633,,,,,,,
2007589719,molecular genetics of long qt syndrome from genes to patients,cardiac &amp; cardiovascular systems,US-6972176,,,,,,,
2158622349,secure network coding for multi resolution wireless video streaming,"engineering, electrical &amp; electronic",US-8571214,,,,,,,
2587681145,temperature staged thermal energy storage enabling low thermal exergy loss reflux boiling in full spectrum solar systems,energy &amp; fuels,US-10116258,,,,,,,
2029852810,controlling signal transduction with synthetic ligands,biochemistry &amp; molecular biology,US-6011018,,,,,,,
2009407308,regulation of connective tissue growth factor gene expression in human skin fibroblasts and during wound repair,biochemistry &amp; molecular biology,US-5770209,,,,,,,
2097643616,talen based gene correction for epidermolysis bullosa,biochemistry &amp; molecular biology,US-10973844,,,,,,,
1951599591,appinsight mobile app performance monitoring in the wild OSDI,"engineering, electrical &amp; electronic",US-9405654,,,,,,,
2094709052,membrane association with multiple calcium ions vitamin k dependent proteins annexins and pentraxins,immunology,US-8628769,,,,,,,
2018950212,site specific sustained release of drugs to the brain,critical care medicine,US-5155227,,,,,,,
1993373874,possible applications of scanning frequency comb microscopy for carrier profiling in semiconductors,"physics, condensed matter",US-9442078,cam559,ag2639,yes,yes,pair_27,,
2041115922,retinoic acid analogues synthesis and potential as cancer chemopreventive agents,biochemistry &amp; molecular biology,US-4518609,,,,,,,
1993059138,early prostate cancer detected using expression of non functional cytolytic p2x7 receptors,oncology,US-8709425,,,,,,,
2120046783,a novel high density low voltage sram cell with a vertical ndr device,"engineering, electrical &amp; electronic",US-6229161,,,,,,,
2028772371,reduction of transmission error propagation in adaptively predicted dpcm encoded pictures,"engineering, electrical &amp; electronic",US-4255763,,,,,,,
2100210097,top tail optimization protocol for cellular radio resource allocation ICNP,"engineering, electrical &amp; electronic",US-9374824,,,,,,,
2542460421,an efficient parallel algorithm for high dimensional similarity join IPPS/SPDP,"computer science, artificial intelligence",US-5987468,,,,,,,
2126472312,quantum sensor miniaturization,optics,US-7928356,,,,,,,
1966727103,enantioselective synthesis of alpha quaternary mannich adducts by palladium catalyzed allylic alkylation total synthesis of sibirinine,"chemistry, organic",US-10421696,,,,,,,
2548087869,an n n bis benzimidazolylpicolinoyl piperazine bt 11 a novel lanthionine synthetase c like 2 based therapeutic for inflammatory bowel disease,biochemistry &amp; molecular biology,US-10682349,,,,,,,
2032134888,novel self associating poly ethylene oxide block poly e caprolactone block copolymers with functional side groups on the polyester block for drug delivery,"chemistry, organic",US-8309515,,,,,,,
2029624878,stereospecific synthesis of conformationally constrained gamma amino acids new foldamer building blocks that support helical secondary structure,"chemistry, multidisciplinary",US-9382291,,,,,,,
1983547791,dosimetry for 252cf neutron emitting brachytherapy sources protocol measurements and calculations,"radiology, nuclear medicine &amp; medical imaging",US-6551232,,,,,,,
1538299625,conjugated linoleic acid is a growth factor for rats as shown by enhanced weight gain and improved feed efficiency,"agriculture, dairy &amp; animal science",US-6113973,,,,,,,
2030879735,monoclonal antibodies to human tumor necrosis factor alpha in vitro and in vivo application,immunology,US-5231024,,,,,,,
2118245501,fiber draw synthesis,polymer science,US-8663522,,,,,,,
2062521268,crispr cas systems prokaryotes upgrade to adaptive immunity,biochemistry &amp; molecular biology,US-10711267,,,,,,,
2135809151,prepupal and pupal parasitism of helicoverpa zea and spodoptera frugiperda lepidoptera noctuidae by steinernema sp in cornfields in the lower rio grande valley,entomology,US-5674516,,,,,,,
2152241467,detection and quantification of rare mutations with massively parallel sequencing,anthropology,US-11180803,,,,,,,
2045139512,hyperkalemic periodic paralysis and the adult muscle sodium channel alpha subunit gene,clinical neurology,US-5356777,,,,,,,
2001138775,synthesis of a potent and selective inhibitor of p90 rsk,biochemistry &amp; molecular biology,US-7605241,,,,,,,
2061308322,duplication of the myb oncogene in t cell acute lymphoblastic leukemia,plant sciences,US-8173423,sgy9,dmu9,yes,,pair_28,,
2013937317,label free high throughput cell screening in flow,oncology,US-9903804,,,,,,,
2545357228,reduction of the streak artifacts in circular cone beam ct using scanograms,energy &amp; fuels,US-8315351,,,,,,,
2119489545,stable and efficient quantum dot light emitting diodes based on solution processed multilayer structures,"engineering, electrical &amp; electronic",US-9419174,,,,,,,
2002555447,powered ankle foot prosthesis for the improvement of amputee ambulation,orthopedics,US-8512415,,,,,,,
1967257223,pulsed laser triggered high speed microfluidic fluorescence activated cell sorter,optics,US-9364831,,,,,,,
956540729,on the consistency of vision aided inertial navigation ISER,management,US-9243916,,,,,,,
1986707117,direct optical frequency modulation and injection locking of resonant tunnel diode oscillator,"engineering, electrical &amp; electronic",US-5223802,,,,,,,
2611757052,photorechargeable high voltage redox battery enabled by ta3n5 and gan si dual photoelectrode,electrochemistry,US-10854937,,,,,,,
2095646540,urocortin ii a member of the corticotropin releasing factor crf neuropeptide family that is selectively bound by type 2 crf receptors,endocrinology &amp; metabolism,US-7638607,,,,,,,
2128084923,a low cost wdm source with an ase injected fabry perot semiconductor laser,"engineering, electrical &amp; electronic",US-8798478,,,,,,,
2321292210,effects of ginkgo biloba constituents on fruit infesting behavior of codling moth cydia pomonella in apples,plant sciences,US-10010077,,,,,,,
2096965357,a coaxial wavewide commutator feed for a scanning circular phased array antenna,"engineering, electrical &amp; electronic",US-4446463,,,,,,,
2018578368,air fraction estimation for multiple combustion mode diesel engines with dual loop egr systems CDC,thermodynamics,US-7512479,,,,,,,
2030965385,introduction of a synthetic co2 fixing photorespiratory bypass into a cyanobacterium,plant sciences,US-10480003,,,,,,,
2541029835,protective efficacy of four recombinant fimbrial proteins of virulent aeromonas hydrophila strain ml09 119 in channel catfish,fisheries,US-11344612,,,,,,,
2018725757,strontium alters the complexed acidic phospholipid content of mineralizing tissues,mechanics,US-7384652,,,,,,,
2135328793,high speed quantum random number generation by measuring phase noise of a single mode laser,"engineering, electrical &amp; electronic",US-10585645,,,,,,,
2104188024,oral delivery of angiotensin converting enzyme 2 and angiotensin 1 7 bioencapsulated in plant cells attenuates pulmonary hypertension,critical care medicine,US-10806775,,,,,,,
2783196162,multiple place swarm foraging with dynamic depots,"computer science, artificial intelligence",US-10850395,,,,,,,
2071190573,a designed phenylalanyl trna synthetase variant allows efficient in vivo incorporation of aryl ketone functionality into proteins,biochemistry &amp; molecular biology,US-7139665,,,,,,,
2136110559,optimum power tracking among series connected power sources with uniform voltage distribution,energy &amp; fuels,US-9960602,,,,,,,
1587474983,secure communication for rfids proactive information security within computational security SSS,"computer science, information systems",US-8332645,,,,,,,
2120595133,hepatitis b core antigen immunology and electron microscopy,gastroenterology &amp; hepatology,US-4547367,,,,,,,
2109561494,a passive and adaptive optical equalizer for reconfigurable multiwavelength networks,"engineering, electrical &amp; electronic",US-6636666,,,,,,,
2079733011,in vitro trans differentiation of adult hepatic stem cells into pancreatic endocrine hormone producing cells,cell &amp; tissue engineering,US-7029915,,,,,,,
2037064308,the antisense transcriptomes of human cells,biochemistry &amp; molecular biology,US-9637779,,,,,,,
1993531520,enhancement of trace gas detection by integrating wavelength modulated spectra across multiple lines,optics,US-8395777,,,,,,,
1965892642,broadband unidirectional ultrasound propagation using sonic crystal and nonlinear medium,acoustics,US-9843400,,,,,,,
1987358962,an electrospray ionization source for integration with microfluidics,"physics, applied",US-7105810,lk566,cam559,yes,yes,pair_29,,
2166613462,a projector backprojector with slice to slice blurring for efficient 3d scatter modeling,"radiology, nuclear medicine &amp; medical imaging",US-6381349,,,,,,,
1995945511,metabolic engineering of new fatty acids in plants,biochemistry &amp; molecular biology,US-10005713,,,,,,,
2104989924,genetic approaches to studying protein synthesis effects of mutations at √è¬à516 and a535 in escherichia coli 16s rrna,biochemistry &amp; molecular biology,US-8367319,,,,,,,
2208842507,practical secrecy preserving verifiably correct and trustworthy auctions ICEC,economics,US-8024274,,,,,,,
1968479204,cloning and expression of cdna encoding a bovine adrenal cytochrome p 450 specific for steroid 21 hydroxylation,biochemistry &amp; molecular biology,US-4720454,,,,,,,
2101346879,automatic recognition of keywords in unconstrained speech using hidden markov models,"engineering, electrical &amp; electronic",US-5649057,,,,,,,
2136959508,genome wide methylation analysis identifies genes specific to breast cancer hormone receptor status and risk of recurrence,oncology,US-10316361,,,,,,,
2325398706,development of miles in trail passback restrictions for air traffic management,biophysics,US-10475346,,,,,,,
2105065645,a novel class of phosphorescent gold iii alkynyl based organic light emitting devices with tunable colour,"materials science, multidisciplinary",US-11018310,,,,,,,
2166705503,a quantitative description of the percentage of breast density measurement using full field digital mammography,"radiology, nuclear medicine &amp; medical imaging",US-9304973,,,,,,,
2112482302,a distinctive single stranded dna binding protein from the archaeon sulfolobus solfataricus,biochemistry &amp; molecular biology,US-11186856,,,,,,,
2026751017,vacuum deposited nonpolymeric flexible organic light emitting devices,"materials science, multidisciplinary",US-7247073,,,,,,,
2144821361,ultra high power 10 kv 50 a sic pin diodes,"engineering, electrical &amp; electronic",US-9455356,,,,,,,
2033299121,three color tunable organic light emitting devices,"engineering, electrical &amp; electronic",US-6210814,,,,,,,
2152241467,detection and quantification of rare mutations with massively parallel sequencing,anthropology,US-11459611,,,,,,,
1982261885,oral delivery of bioencapsulated coagulation factor ix prevents inhibitor formation and fatal anaphylaxis in hemophilia b mice,hematology,US-10233216,,,,,,,
2166903671,rnai double stranded rna directs the atp dependent cleavage of mrna at 21 to 23 nucleotide intervals,biochemistry &amp; molecular biology,US-8765930,,,,,,,
2046933128,combined reflectance confocal microscopy optical coherence tomography imaging for skin burn assessment,ophthalmology,US-9655521,,,,,,,
2169011026,thermal compensation method for cmos digital integrated circuits using temperature adaptive dc dc converter,"engineering, electrical &amp; electronic",US-7345460,,,,,,,
2126454462,feature based hierarchical video segmentation ICIP (2),"computer science, artificial intelligence",US-6493042,,,,,,,
1518819083,engineered glycoforms of an antineuroblastoma igg1 with optimized antibody dependent cellular cytotoxic activity,immunology,US-8999324,,,,,,,
2053532017,a west nile virus cd4 t cell epitope improves the immunogenicity of dengue virus serotype 2 vaccines,virology,US-9284356,,,,,,,
2044268800,reaction of cis vicinal dimethanesulfonates with te2 a method for converting cis vicinal diols into olefins and its use in the preparation of 2 3 didehydro 2 3 dideoxynucleosides,"chemistry, organic",US-5410033,,,,,,,
2320001517,inactivation of foodborne microorganisms using engineered water nanostructures ewns,food science &amp; technology,US-11479799,,,,,,,
1760713616,characterization of benzodiazepine receptors with fluorescent ligands,"radiology, nuclear medicine &amp; medical imaging",US-5468854,,,,,,,
2807637103,t cells genetically modified to express an anti b cell maturation antigen chimeric antigen receptor cause remissions of poor prognosis relapsed multiple myeloma,immunology,US-10837019,,,,,,,
2160281049,powerline positioning a practical sub room level indoor location system for domestic use UbiComp,"engineering, electrical &amp; electronic",US-8494762,,,,,,,
2345914382,de novo design of protein homo oligomers with modular hydrogen bond network mediated specificity,biochemistry &amp; molecular biology,US-10988514,,,,,,,
2163505447,new positive allosteric modulators of the metabotropic glutamate receptor 2 mglur2 identification and synthesis of n propyl 8 chloro 6 substituted isoquinolones,neurosciences,US-9085577,,,,,,,
1993934770,molecular cloning sequence and expression of a human gdp l fucose beta d galactoside 2 alpha l fucosyltransferase cdna that can form the h blood group antigen,biochemistry &amp; molecular biology,US-5807732,,,,,,,
1566115468,multiple agent hybrid control architecture Hybrid Systems,"computer science, hardware &amp; architecture",US-5963447,,,,,,,
2018854044,enhanced max margin learning on multimodal data mining in a multimedia database KDD,"computer science, information systems",US-8463053,,,,,,,
1986405219,characterization of a prototype strain of hepatitis e virus,virology,US-6706873,,,,,,,
2169002078,auditing compliance with a hippocratic database VLDB,"computer science, information systems",US-7810142,,,,,,,
2031877935,understanding discrete facial expressions in video using an emotion avatar image,"computer science, artificial intelligence",US-9928406,,,,,,,
1974433996,a functional promoter polymorphism in the macrophage migration inhibitory factor mif gene associated with disease severity in rheumatoid arthritis,biochemistry &amp; molecular biology,US-9139877,,,,,,,
1974433996,a functional promoter polymorphism in the macrophage migration inhibitory factor mif gene associated with disease severity in rheumatoid arthritis,biochemistry &amp; molecular biology,US-7205107,,,,,,,
1973555421,fabrication of boron carbide boron heterojunction devices,"materials science, multidisciplinary",US-6440786,,,,,,,
2142008812,near eye light field displays SIGGRAPH Emerging Technologies,"engineering, electrical &amp; electronic",US-9582922,,,,,,,
2089207616,gray tone lithography using an optical diffuser and a contact aligner,"engineering, electrical &amp; electronic",US-8372578,,,,,,,
2015840376,molecular distinction of circulating pregnancy associated plasma protein a in myocardial infarction and pregnancy,biochemical research methods,US-7824876,,,,,,,
2157505099,pairing an epsilon negative slab with a mu negative slab resonance tunneling and transparency,geochemistry &amp; geophysics,US-7218190,,,,,,,
1998490521,robust system for human airway tree segmentation Medical Imaging: Image Processing,"computer science, artificial intelligence",US-9672631,,,,,,,
2094810384,phase resolved spectral domain magnetomotive optical coherence tomography,"engineering, electrical &amp; electronic",US-7751057,,,,,,,
2142966128,phosphorus containing epoxy curing agents via imine linkage,polymer science,US-8822723,,,,,,,
2143499258,reducing data overhead of mesh based ad hoc multicast routing protocols by steiner tree meshes SECON,"computer science, information systems",US-7719988,,,,,,,
2141316224,utilization of an alternative open reading frame of a normal gene in generating a novel human cancer antigen,oncology,US-7001600,,,,,,,
2098939123,random linear network coding for time division duplexing energy analysis ICC,"engineering, electrical &amp; electronic",US-8279781,,,,,,,
2043559802,synthesis and structure activity relationships of n 2 oxo 3 oxetanyl amides as n acylethanolamine hydrolyzing acid amidase inhibitors,pharmacology &amp; pharmacy,US-9321743,,,,,,,
2143582002,characterization of diamond like films prepared by laser ablation of graphite,"materials science, multidisciplinary",US-5366556,,,,,,,
2124110816,a persistent mode magnet comprised of ybco annuli,"engineering, electrical &amp; electronic",US-7859374,,,,,,,
2029513748,casein phosphopeptides in oral health chemistry and clinical applications,food science &amp; technology,US-8603988,,,,,,,
2068643075,growth of highly oriented carbon nanotubes by plasma enhanced hot filament chemical vapor deposition,"chemistry, physical",US-6863942,,,,,,,
2048104873,enantioselective organocatalytic michael addition of aldehydes to nitroethylene efficient access to gamma2 amino acids,"chemistry, organic",US-9382291,,,,,,,
2102870730,tailoring of high order multiple emulsions by the liquid liquid phase separation of ternary mixtures,"chemistry, physical",US-9981237,,,,,,,
2085574409,scaffold hopping from pyridones to imidazo 1 2 a pyridines new positive allosteric modulators of metabotropic glutamate 2 receptor,neurosciences,US-9737533,,,,,,,
2805444933,regional dominant frequency a new tool for wave break identification during atrial fibrillation,cardiac &amp; cardiovascular systems,US-11284826,,,,,,,
1990045094,malt1 small molecule inhibitors specifically suppress abc dlbcl in vitro and in vivo,oncology,US-9592223,,,,,,,
2083414265,development of gfp based biosensors possessing the binding properties of antibodies,biochemistry &amp; molecular biology,US-8754193,,,,,,,
1596707540,transcutaneous electrical stimulation of the recurrent laryngeal nerve a method of controlling vocal cord position,surgery,US-4907602,,,,,,,
2952146068,selective protection of the c 7 and c 10 hydroxyl groups in 10 deacetyl baccatin iii,immunology,US-6291691,,,,,,,
2323332156,green energy aware and latency aware user associations in heterogeneous cellular networks,energy &amp; fuels,US-9253719,,,,,,,
2005718551,macromolecular mri contrast agents with small dendrimers pharmacokinetic differences between sizes and cores,"chemistry, multidisciplinary",US-6852842,,,,,,,
2027769566,molecular and biological characterization of a new isolate of guinea pig cytomegalovirus,virology,US-9395369,,,,,,,
2020263516,purification and characterization of acidic fibroblast growth factor from bovine brain,biochemical research methods,US-5223483,,,,,,,
2114147063,coffee a context free protocol for stimulating data forwarding in wireless ad hoc networks SECON,"computer science, information systems",US-8374352,,,,,,,
2124833370,a rapid reversible and tunable method to regulate protein function in living cells using synthetic small molecules,biochemistry &amp; molecular biology,US-8173792,,,,,,,
2087786585,highly efficient neural conversion of human es and ips cells by dual inhibition of smad signaling,cell &amp; tissue engineering,US-8642334,,,,,,,
2546789329,applications of circularly symmetric high impedance surfaces for spiral antennas,"engineering, electrical &amp; electronic",US-10714823,,,,,,,
2115595920,reduced order modeling of large linear subcircuits via a block lanczos algorithm DAC,"mathematics, applied",US-6041170,,,,,,,
2092708066,highly tunable elastomeric silk biomaterials,polymer science,US-10925999,,,,,,,
2125691342,a chemical platform for improved induction of human ipscs,cell &amp; tissue engineering,US-9005968,,,,,,,
